begin;
-- companies
insert into companies (id, name) values(999, 'Royal Insurance Co.');
insert into companies (id, name) values(1000, 'Insurances ''R'' Us');
insert into companies (id, name) values(1001, 'Felcher & Sons');

-- accounts
insert into accounts (id, company_id, name, enabled, username, password) values(999, 999, 'Royal Insurance Co.', true, 'aladdin', 'opensesame');
insert into accounts (id, company_id, name, enabled, username, password) values(1000, 1000, 'Insurances ''R'' Us', true, 'jasmine', 'rajah');
insert into accounts (id, company_id, name, enabled, username, password) values(1001, 1001, 'Felcher & Sons', true, 'alibaba', '40thieves');
insert into accounts (id, company_id, name, enabled, username, password) values(1002, 1001, 'Felcher & Sons - Disabled', false, 'jaffar', 'somethingelse');

-- insurance types
insert into insurance_types(id, name) values(999, 'Body parts');
insert into insurance_types(id, name) values(1000, 'Hush money');
insert into insurance_types(id, name) values(1001, 'Health');

-- customers
insert into customers(id, name, tax_id, email, phone_number) values(999, 'Aleister Crowley', '0001112233345', 'ac@example.com', '+1 800 6666666');
INSERT INTO "customers" (id,name,tax_id,email,phone_number) VALUES (1000,'Salvador I. Sherman','1681101151799','facilisis@ornaresagittisfelis.ca','(773) 489-2918');
INSERT INTO "customers" (id,name,tax_id,email,phone_number) VALUES (1001,'Jaquelyn T. Jennings','1631061925299','non.egestas@Fuscealiquamenim.co.uk','(545) 757-8943');
INSERT INTO "customers" (id,name,tax_id,email,phone_number) VALUES (1002,'Lynn M. Harvey','1643102983599','Cras@velitSedmalesuada.co.uk','(293) 340-0458');
INSERT INTO "customers" (id,name,tax_id,email,phone_number) VALUES (1003,'Doris L. Cochran','1668040866699','tristique@libero.co.uk','(278) 845-8305');
INSERT INTO "customers" (id,name,tax_id,email,phone_number) VALUES (1004,'Angela R. Schwartz','1609082390899','nulla.vulputate@pharetraQuisque.org','(765) 728-1561');
INSERT INTO "customers" (id,name,tax_id,email,phone_number) VALUES (1005,'Lani X. Puckett','1683101511499','amet@ametconsectetueradipiscing.org','(880) 495-2040');
INSERT INTO "customers" (id,name,tax_id,email,phone_number) VALUES (1006,'Blaine H. Monroe','1603113053399','quis.turpis@Vivamus.co.uk','(876) 939-8401');
INSERT INTO "customers" (id,name,tax_id,email,phone_number) VALUES (1007,'Noel A. Johnson','1621011987399','non@aliquameros.ca','(341) 141-3578');
INSERT INTO "customers" (id,name,tax_id,email,phone_number) VALUES (1008,'Tashya O. Pate','1689011347299','feugiat.placerat.velit@antelectus.ca','(398) 499-2166');
INSERT INTO "customers" (id,name,tax_id,email,phone_number) VALUES (1009,'Jerry Z. Britt','1698070927999','ac.sem.ut@ametrisusDonec.co.uk','(219) 124-9069');
INSERT INTO "customers" (id,name,tax_id,email,phone_number) VALUES (1010,'Gage J. Potter','1655110561499','sodales.nisi.magna@necorciDonec.org','(169) 914-3746');
INSERT INTO "customers" (id,name,tax_id,email,phone_number) VALUES (1011,'Brent S. Moore','1691081552599','mollis@non.org','(172) 391-4075');
INSERT INTO "customers" (id,name,tax_id,email,phone_number) VALUES (1012,'Raphael Y. Weiss','1628030846999','vulputate.ullamcorper@Pellentesqueut.ca','(604) 868-0020');
INSERT INTO "customers" (id,name,tax_id,email,phone_number) VALUES (1013,'Azalia G. Munoz','1643090369099','ut.pharetra.sed@scelerisque.net','(381) 148-3648');
INSERT INTO "customers" (id,name,tax_id,email,phone_number) VALUES (1014,'Kay X. Talley','1619010966999','nascetur@gravidaPraesenteu.edu','(852) 663-3030');
INSERT INTO "customers" (id,name,tax_id,email,phone_number) VALUES (1015,'Yuli R. Byrd','1645070708999','Suspendisse@Pellentesquetincidunt.net','(374) 795-8925');
INSERT INTO "customers" (id,name,tax_id,email,phone_number) VALUES (1016,'Elvis O. Patterson','1611022536799','Fusce@dolor.org','(504) 853-2882');
INSERT INTO "customers" (id,name,tax_id,email,phone_number) VALUES (1017,'Charity K. Keller','1657031568499','non.feugiat@dolorvitae.org','(197) 204-1458');
INSERT INTO "customers" (id,name,tax_id,email,phone_number) VALUES (1018,'Frances K. Keller','1600042501799','eget.varius@eusem.edu','(212) 584-7897');
INSERT INTO "customers" (id,name,tax_id,email,phone_number) VALUES (1019,'Lucius S. Newton','1608023062899','lacinia@ipsumnuncid.com','(233) 302-3742');
INSERT INTO "customers" (id,name,tax_id,email,phone_number) VALUES (1020,'Honorato V. Gray','1670030807899','Mauris.magna@Pellentesqueultricies.ca','(490) 540-1898');
INSERT INTO "customers" (id,name,tax_id,email,phone_number) VALUES (1021,'Bell J. Burke','1600071385799','risus@et.co.uk','(674) 694-2183');
INSERT INTO "customers" (id,name,tax_id,email,phone_number) VALUES (1022,'Sarah E. Cain','1601011590699','Morbi@ac.ca','(804) 286-2151');
INSERT INTO "customers" (id,name,tax_id,email,phone_number) VALUES (1023,'Cassandra N. Turner','1694102490299','dui.augue.eu@posuere.net','(216) 572-3948');
INSERT INTO "customers" (id,name,tax_id,email,phone_number) VALUES (1024,'Debra D. French','1678120918699','Nulla.tincidunt.neque@velvenenatis.net','(135) 321-1185');
INSERT INTO "customers" (id,name,tax_id,email,phone_number) VALUES (1025,'Brenda T. Guy','1604110779299','Maecenas@euismodacfermentum.net','(967) 729-3247');
INSERT INTO "customers" (id,name,tax_id,email,phone_number) VALUES (1026,'Tatyana J. Ayers','1631060194099','Mauris.nulla.Integer@elit.org','(451) 601-3536');
INSERT INTO "customers" (id,name,tax_id,email,phone_number) VALUES (1027,'Martena P. Kinney','1669050925899','tellus@semconsequatnec.co.uk','(664) 573-2079');
INSERT INTO "customers" (id,name,tax_id,email,phone_number) VALUES (1028,'Chancellor N. Bird','1636030647099','Proin.eget.odio@Donecelementum.com','(647) 176-7951');
INSERT INTO "customers" (id,name,tax_id,email,phone_number) VALUES (1029,'Natalie F. Kinney','1682070303899','pede.blandit.congue@iaculisodio.edu','(816) 235-0080');
INSERT INTO "customers" (id,name,tax_id,email,phone_number) VALUES (1030,'Beau H. Ryan','1667121431999','leo@justofaucibus.org','(788) 223-6723');
INSERT INTO "customers" (id,name,tax_id,email,phone_number) VALUES (1031,'Derek J. Britt','1643032235999','enim@sagittisfelis.org','(819) 502-6501');
INSERT INTO "customers" (id,name,tax_id,email,phone_number) VALUES (1032,'Rosalyn T. Roth','1696061133199','mi.felis.adipiscing@sagittis.org','(620) 107-4640');
INSERT INTO "customers" (id,name,tax_id,email,phone_number) VALUES (1033,'Maya O. Tyler','1669061760699','quam.Pellentesque.habitant@Donec.edu','(369) 128-8776');
INSERT INTO "customers" (id,name,tax_id,email,phone_number) VALUES (1034,'Emailess Joe','1626102709699', NULL,'(257) 543-6454');
INSERT INTO "customers" (id,name,tax_id,email,phone_number) VALUES (1035,'Brenda A. Stewart','1641052911199','risus@Nullasemper.com','(986) 192-0224');
INSERT INTO "customers" (id,name,tax_id,email,phone_number) VALUES (1036,'Tyrone I. Ochoa','1609052548599','tincidunt@accumsannequeet.edu','(651) 387-0657');
INSERT INTO "customers" (id,name,tax_id,email,phone_number) VALUES (1037,'Flynn S. Houston','1670011620199','pharetra.Nam.ac@litoratorquentper.net','(368) 500-6001');
INSERT INTO "customers" (id,name,tax_id,email,phone_number) VALUES (1038,'Grady L. Vargas','1618112033199','tempor@Suspendisseeleifend.org','(247) 811-1221');
INSERT INTO "customers" (id,name,tax_id,email,phone_number) VALUES (1039,'Hillary X. Dodson','1668020998999','Cras.interdum.Nunc@sociisnatoquepenatibus.org','(162) 783-8445');
INSERT INTO "customers" (id,name,tax_id,email,phone_number) VALUES (1040,'Yoshio N. Wright','1646051445399','Donec.nibh.Quisque@vestibulum.org','(613) 233-1624');
INSERT INTO "customers" (id,name,tax_id,email,phone_number) VALUES (1041,'Elmo A. Hayes','1691012281199','mollis@Nuncullamcorper.ca','(539) 658-5287');
INSERT INTO "customers" (id,name,tax_id,email,phone_number) VALUES (1042,'Whilemina L. Santiago','1652052391999','tristique@blandit.net','(561) 654-7720');
INSERT INTO "customers" (id,name,tax_id,email,phone_number) VALUES (1043,'Mikayla B. Quinn','1658050455899','lorem.sit@Donecluctus.net','(443) 217-0353');
INSERT INTO "customers" (id,name,tax_id,email,phone_number) VALUES (1044,'Mia P. Hamilton','1618042483799','Mauris@risusDonecegestas.edu','(997) 223-2068');
INSERT INTO "customers" (id,name,tax_id,email,phone_number) VALUES (1045,'Veda K. Compton','1686011439899','enim@eueleifendnec.com','(360) 912-7024');
INSERT INTO "customers" (id,name,tax_id,email,phone_number) VALUES (1046,'Travis J. Travis','1666062868599','morbi.tristique@antedictum.org','(949) 391-1302');
INSERT INTO "customers" (id,name,tax_id,email,phone_number) VALUES (1047,'Byron S. Fox','1671101435999','feugiat.non@eget.net','(912) 688-1786');
INSERT INTO "customers" (id,name,tax_id,email,phone_number) VALUES (1048,'Selma C. Conley','1658081013399','ac@mauris.com','(387) 104-6469');
INSERT INTO "customers" (id,name,tax_id,email,phone_number) VALUES (1049,'Mikayla P. Odonnell','1601051369199','sem.Pellentesque.ut@Morbinonsapien.com','(556) 643-7672');
INSERT INTO "customers" (id,name,tax_id,email,phone_number) VALUES (1050,'Chelsea N. Waller','1614100465499','magnis@Maurisnondui.ca','(845) 623-6049');
INSERT INTO "customers" (id,name,tax_id,email,phone_number) VALUES (1051,'Nissim L. Michael','1626091464899','vitae.dolor.Donec@gravida.edu','(304) 518-7506');
INSERT INTO "customers" (id,name,tax_id,email,phone_number) VALUES (1052,'Rebecca V. Durham','1693101246199','lobortis.nisi@arcuvelquam.com','(305) 109-7117');
INSERT INTO "customers" (id,name,tax_id,email,phone_number) VALUES (1053,'Shoshana V. Wheeler','1649041506599','ullamcorper@ligula.co.uk','(140) 965-7342');
INSERT INTO "customers" (id,name,tax_id,email,phone_number) VALUES (1054,'Colby C. Woodard','1600070525699','Curabitur.consequat@disparturientmontes.net','(606) 633-1634');
INSERT INTO "customers" (id,name,tax_id,email,phone_number) VALUES (1055,'Herrod M. Houston','1649081319399','mollis@egetmagnaSuspendisse.com','(477) 877-7658');
INSERT INTO "customers" (id,name,tax_id,email,phone_number) VALUES (1056,'Lucas X. Craig','1628120999199','sem@luctuslobortisClass.net','(981) 261-8779');
INSERT INTO "customers" (id,name,tax_id,email,phone_number) VALUES (1057,'Colton B. Larson','1655080524899','neque.vitae.semper@utnisi.com','(285) 253-8189');
INSERT INTO "customers" (id,name,tax_id,email,phone_number) VALUES (1058,'Sierra L. Guerra','1654012003599','Morbi@liberoMorbiaccumsan.co.uk','(147) 132-0173');
INSERT INTO "customers" (id,name,tax_id,email,phone_number) VALUES (1059,'Talon K. Lester','1693070391499','mollis@varius.com','(809) 355-4932');
INSERT INTO "customers" (id,name,tax_id,email,phone_number) VALUES (1060,'Jaquelyn G. Hurst','1607021379099','in.consectetuer@maurisipsum.co.uk','(316) 872-6303');
INSERT INTO "customers" (id,name,tax_id,email,phone_number) VALUES (1061,'Remedios N. Mayer','1675110514499','iaculis.odio.Nam@vitaeeratVivamus.co.uk','(934) 710-2396');
INSERT INTO "customers" (id,name,tax_id,email,phone_number) VALUES (1062,'Lara O. Bryant','1687011198799','erat@vitae.ca','(400) 631-1278');
INSERT INTO "customers" (id,name,tax_id,email,phone_number) VALUES (1063,'Glenna F. Cardenas','1605012969599','nec.ante@mollisPhasellus.org','(364) 461-1974');
INSERT INTO "customers" (id,name,tax_id,email,phone_number) VALUES (1064,'Arthur L. Roach','1681010400499','imperdiet@sedconsequat.edu','(671) 933-4899');
INSERT INTO "customers" (id,name,tax_id,email,phone_number) VALUES (1065,'Tucker M. Pierce','1671110234699','ac.mattis.velit@id.net','(513) 446-9800');
INSERT INTO "customers" (id,name,tax_id,email,phone_number) VALUES (1066,'Nevada I. Church','1609091519799','vestibulum.Mauris.magna@Proin.edu','(899) 989-8344');
INSERT INTO "customers" (id,name,tax_id,email,phone_number) VALUES (1067,'Veda E. Wilkins','1643092760699','id.ante.Nunc@ridiculus.co.uk','(560) 409-0301');
INSERT INTO "customers" (id,name,tax_id,email,phone_number) VALUES (1068,'Cara G. Landry','1686090996499','ipsum.dolor.sit@penatibusetmagnis.edu','(908) 449-2565');
INSERT INTO "customers" (id,name,tax_id,email,phone_number) VALUES (1069,'Madaline M. Ford','1649102935199','felis.adipiscing@maurisblanditmattis.org','(845) 548-2173');
INSERT INTO "customers" (id,name,tax_id,email,phone_number) VALUES (1070,'Tanner I. Schneider','1645063043699','iaculis.enim.sit@Nullam.co.uk','(937) 100-7955');
INSERT INTO "customers" (id,name,tax_id,email,phone_number) VALUES (1071,'Avye O. Duffy','1644081876599','ridiculus.mus@velesttempor.ca','(169) 609-5353');
INSERT INTO "customers" (id,name,tax_id,email,phone_number) VALUES (1072,'Jane L. Pearson','1607042453899','quam@utpellentesque.org','(995) 968-9815');
INSERT INTO "customers" (id,name,tax_id,email,phone_number) VALUES (1073,'Bertha R. Yates','1623032722899','egestas@eratinconsectetuer.edu','(145) 498-0969');
INSERT INTO "customers" (id,name,tax_id,email,phone_number) VALUES (1074,'Hilary M. Schultz','1666061775799','sit.amet@gravidanunc.org','(987) 174-1878');
INSERT INTO "customers" (id,name,tax_id,email,phone_number) VALUES (1075,'Nathan V. Bush','1664052948199','augue.scelerisque@idante.edu','(402) 130-0058');
INSERT INTO "customers" (id,name,tax_id,email,phone_number) VALUES (1076,'Kerry P. Albert','1651070642199','lectus.pede.et@massa.net','(969) 177-7522');
INSERT INTO "customers" (id,name,tax_id,email,phone_number) VALUES (1077,'Tara A. Rivers','1643070194099','Fusce.diam.nunc@amet.org','(565) 779-4241');
INSERT INTO "customers" (id,name,tax_id,email,phone_number) VALUES (1078,'Thane L. Holland','1695110768699','eget.varius.ultrices@elementumduiquis.edu','(773) 642-6971');
INSERT INTO "customers" (id,name,tax_id,email,phone_number) VALUES (1079,'Vincent Q. Farrell','1697031190299','Curae.Donec.tincidunt@egestas.com','(770) 741-5573');
INSERT INTO "customers" (id,name,tax_id,email,phone_number) VALUES (1080,'Nyssa I. Robertson','1694051787799','ut.sem.Nulla@pedeCrasvulputate.org','(133) 852-0852');
INSERT INTO "customers" (id,name,tax_id,email,phone_number) VALUES (1081,'Abbot T. Simmons','1613022147599','nibh@sedtortor.edu','(778) 318-7412');
INSERT INTO "customers" (id,name,tax_id,email,phone_number) VALUES (1082,'Edward P. Barton','1669120929199','Vivamus@sit.co.uk','(195) 696-9122');
INSERT INTO "customers" (id,name,tax_id,email,phone_number) VALUES (1083,'Faith A. Atkinson','1683060224999','pulvinar.arcu.et@feugiatnec.net','(726) 733-5658');
INSERT INTO "customers" (id,name,tax_id,email,phone_number) VALUES (1084,'Rina O. Lyons','1633091723699','dictum@sedhendrerita.edu','(345) 328-9958');
INSERT INTO "customers" (id,name,tax_id,email,phone_number) VALUES (1085,'Tyler Z. Moreno','1614060510299','Aliquam.tincidunt@ac.com','(856) 284-8744');
INSERT INTO "customers" (id,name,tax_id,email,phone_number) VALUES (1086,'Declan W. Craft','1614020575599','pede.nonummy.ut@in.ca','(350) 537-2987');
INSERT INTO "customers" (id,name,tax_id,email,phone_number) VALUES (1087,'Linda P. Duke','1695062785199','enim.nec.tempus@suscipitnonummy.co.uk','(329) 394-2183');
INSERT INTO "customers" (id,name,tax_id,email,phone_number) VALUES (1088,'Clinton Z. Langley','1635111536499','In@malesuadavel.ca','(240) 467-5866');
INSERT INTO "customers" (id,name,tax_id,email,phone_number) VALUES (1089,'Zia P. Raymond','1686061552499','est@ipsum.com','(737) 755-4463');
INSERT INTO "customers" (id,name,tax_id,email,phone_number) VALUES (1090,'Alfonso V. Barber','1663081587999','imperdiet.ullamcorper.Duis@dolorQuisque.org','(974) 507-7659');
INSERT INTO "customers" (id,name,tax_id,email,phone_number) VALUES (1091,'Lee J. Anderson','1634091578399','nec.tempus.mauris@ametanteVivamus.org','(870) 571-0766');
INSERT INTO "customers" (id,name,tax_id,email,phone_number) VALUES (1092,'Cara P. Fowler','1663090462299','tincidunt.aliquam@auctorMaurisvel.ca','(321) 369-9870');
INSERT INTO "customers" (id,name,tax_id,email,phone_number) VALUES (1093,'Zenaida X. Logan','1648121565199','nostra@ipsumporta.net','(912) 389-3216');
INSERT INTO "customers" (id,name,tax_id,email,phone_number) VALUES (1094,'Harding L. Leblanc','1697031769399','in.cursus@nonenim.com','(784) 390-4624');
INSERT INTO "customers" (id,name,tax_id,email,phone_number) VALUES (1095,'Cathleen K. Nieves','1626030973099','ipsum@Aliquam.ca','(251) 283-0100');
INSERT INTO "customers" (id,name,tax_id,email,phone_number) VALUES (1096,'Alice L. Cardenas','1633110176399','lobortis@utodio.ca','(372) 257-7242');
INSERT INTO "customers" (id,name,tax_id,email,phone_number) VALUES (1097,'Neve P. Cote','1601050121999','turpis.non.enim@penatibuset.org','(289) 501-3471');
INSERT INTO "customers" (id,name,tax_id,email,phone_number) VALUES (1098,'Victor S. Hancock','1669011325099','diam.lorem.auctor@idsapienCras.org','(468) 750-7421');
INSERT INTO "customers" (id,name,tax_id,email,phone_number) VALUES (1099,'Lani N. Bowen','1683022081799','dolor@inconsequat.co.uk','(242) 939-8312');
-- policies
INSERT INTO "policies" (id,account_id,customer_id,insurance_type_id,policy_number,root_number,endorsement_sequence,description,period_start,period_end) VALUES (999,999,1017,1000,  '24725129399000','24725129399',0,'in molestie tortor nibh sit amet','2016/12/26','2017/08/04');
INSERT INTO "policies" (id,account_id,customer_id,insurance_type_id,policy_number,root_number,endorsement_sequence,description,period_start,period_end) VALUES (1000,999,1061,1000, '85331629699000','85331629699',0,'Sed et libero. Proin mi. Aliquam','2016/10/12','2017/09/05');
INSERT INTO "policies" (id,account_id,customer_id,insurance_type_id,policy_number,root_number,endorsement_sequence,description,period_start,period_end) VALUES (1001,1001,1002,999, '82686152599000','82686152599',0,'eu eros. Nam consequat dolor','2016/07/08','2017/07/21');
INSERT INTO "policies" (id,account_id,customer_id,insurance_type_id,policy_number,root_number,endorsement_sequence,description,period_start,period_end) VALUES (1002,1000,1083,999, '71440734199000','71440734199',0,'sagittis lobortis mauris. Suspendisse aliquet molestie','2016/12/25','2017/12/13');
INSERT INTO "policies" (id,account_id,customer_id,insurance_type_id,policy_number,root_number,endorsement_sequence,description,period_start,period_end) VALUES (1003,999,1087,1000, '06916222499000','06916222499',0,'enim mi tempor lorem, eget mollis','2016/08/24','2017/08/23');
INSERT INTO "policies" (id,account_id,customer_id,insurance_type_id,policy_number,root_number,endorsement_sequence,description,period_start,period_end) VALUES (1004,1000,1045,999, '51289577599000','51289577599',0,'tristique pharetra. Quisque ac libero nec','2016/07/16','2017/11/21');
INSERT INTO "policies" (id,account_id,customer_id,insurance_type_id,policy_number,root_number,endorsement_sequence,description,period_start,period_end) VALUES (1005,1000,1082,1000,'26626036499000','26626036499',0,'sem ut cursus luctus,','2016/07/04','2017/06/03');
INSERT INTO "policies" (id,account_id,customer_id,insurance_type_id,policy_number,root_number,endorsement_sequence,description,period_start,period_end) VALUES (1006,999,1084,1001, '65686843099000','65686843099',0,'pede blandit congue. In','2016/08/09','2017/10/24');
INSERT INTO "policies" (id,account_id,customer_id,insurance_type_id,policy_number,root_number,endorsement_sequence,description,period_start,period_end) VALUES (1007,1001,1059,999, '42630772599000','42630772599',0,'sagittis. Duis gravida. Praesent','2016/06/04','2017/10/12');
INSERT INTO "policies" (id,account_id,customer_id,insurance_type_id,policy_number,root_number,endorsement_sequence,description,period_start,period_end) VALUES (1008,1000,1066,999, '95627090699000','95627090699',0,'primis in faucibus orci','2016/10/13','2017/11/03');
INSERT INTO "policies" (id,account_id,customer_id,insurance_type_id,policy_number,root_number,endorsement_sequence,description,period_start,period_end) VALUES (1009,1000,1082,1000,'34277731199000','34277731199',0,'enim nec tempus scelerisque, lorem ipsum','2016/12/28','2017/12/21');
INSERT INTO "policies" (id,account_id,customer_id,insurance_type_id,policy_number,root_number,endorsement_sequence,description,period_start,period_end) VALUES (1010,999,1035,1001, '45696081499000','45696081499',0,'scelerisque scelerisque dui. Suspendisse ac','2016/06/26','2017/07/21');
INSERT INTO "policies" (id,account_id,customer_id,insurance_type_id,policy_number,root_number,endorsement_sequence,description,period_start,period_end) VALUES (1011,999,1028,1001, '13777205599000','13777205599',0,'feugiat tellus lorem eu','2016/10/18','2017/12/19');
INSERT INTO "policies" (id,account_id,customer_id,insurance_type_id,policy_number,root_number,endorsement_sequence,description,period_start,period_end) VALUES (1012,1000,1010,1000,'35877198999000','35877198999',0,'Nullam suscipit, est ac facilisis','2016/12/01','2017/06/07');
INSERT INTO "policies" (id,account_id,customer_id,insurance_type_id,policy_number,root_number,endorsement_sequence,description,period_start,period_end) VALUES (1013,1001,1029,1001,'02387256199000','02387256199',0,'pede, malesuada vel, venenatis vel, faucibus','2016/11/17','2017/09/02');
INSERT INTO "policies" (id,account_id,customer_id,insurance_type_id,policy_number,root_number,endorsement_sequence,description,period_start,period_end) VALUES (1014,1001,1045,1000,'10701443799000','10701443799',0,'tempus mauris erat eget ipsum. Suspendisse','2016/11/09','2017/09/30');
INSERT INTO "policies" (id,account_id,customer_id,insurance_type_id,policy_number,root_number,endorsement_sequence,description,period_start,period_end) VALUES (1015,1000,1062,1001,'96564156599000','96564156599',0,'nec enim. Nunc ut erat.','2016/11/02','2017/10/03');
INSERT INTO "policies" (id,account_id,customer_id,insurance_type_id,policy_number,root_number,endorsement_sequence,description,period_start,period_end) VALUES (1016,1000,1052,1000,'67496353899000','67496353899',0,'molestie sodales. Mauris blandit','2016/12/30','2017/12/12');
INSERT INTO "policies" (id,account_id,customer_id,insurance_type_id,policy_number,root_number,endorsement_sequence,description,period_start,period_end) VALUES (1017,999,1066,1001, '48263050299000','48263050299',0,'eu odio tristique pharetra. Quisque ac','2016/10/14','2017/12/14');
INSERT INTO "policies" (id,account_id,customer_id,insurance_type_id,policy_number,root_number,endorsement_sequence,description,period_start,period_end) VALUES (1018,1000,1006,1001,'00711800199000','00711800199',0,'at risus. Nunc ac','2016/11/08','2017/06/30');
INSERT INTO "policies" (id,account_id,customer_id,insurance_type_id,policy_number,root_number,endorsement_sequence,description,period_start,period_end) VALUES (1019,1000,1070,1000,'24812920899000','24812920899',0,'gravida molestie arcu. Sed eu','2016/09/19','2017/12/13');
INSERT INTO "policies" (id,account_id,customer_id,insurance_type_id,policy_number,root_number,endorsement_sequence,description,period_start,period_end) VALUES (1020,1000,1049,1001,'78947237399000','78947237399',0,'Nulla semper tellus id','2016/10/10','2017/06/14');
INSERT INTO "policies" (id,account_id,customer_id,insurance_type_id,policy_number,root_number,endorsement_sequence,description,period_start,period_end) VALUES (1021,999,1041,999,  '59411278199000','59411278199',0,'adipiscing. Mauris molestie pharetra nibh.','2016/11/26','2017/11/30');
INSERT INTO "policies" (id,account_id,customer_id,insurance_type_id,policy_number,root_number,endorsement_sequence,description,period_start,period_end) VALUES (1022,1000,1054,1000,'22820042299000','22820042299',0,'vel turpis. Aliquam adipiscing lobortis risus.','2016/08/10','2017/10/17');
INSERT INTO "policies" (id,account_id,customer_id,insurance_type_id,policy_number,root_number,endorsement_sequence,description,period_start,period_end) VALUES (1023,999,1027,1000, '76235655699000','76235655699',0,'et, rutrum non, hendrerit','2016/11/17','2017/06/18');
INSERT INTO "policies" (id,account_id,customer_id,insurance_type_id,policy_number,root_number,endorsement_sequence,description,period_start,period_end) VALUES (1024,999,1024,1001, '20899377599000','20899377599',0,'egestas. Duis ac arcu. Nunc mauris.','2016/10/10','2017/11/03');
INSERT INTO "policies" (id,account_id,customer_id,insurance_type_id,policy_number,root_number,endorsement_sequence,description,period_start,period_end) VALUES (1025,999,1035,1000, '62620262899000','62620262899',0,'Integer eu lacus. Quisque','2016/10/05','2017/09/14');
INSERT INTO "policies" (id,account_id,customer_id,insurance_type_id,policy_number,root_number,endorsement_sequence,description,period_start,period_end) VALUES (1026,999,1005,1000, '15664141699000','15664141699',0,'non massa non ante bibendum ullamcorper.','2016/11/24','2017/06/04');
INSERT INTO "policies" (id,account_id,customer_id,insurance_type_id,policy_number,root_number,endorsement_sequence,description,period_start,period_end) VALUES (1027,1001,1021,1000,'09304919699000','09304919699',0,'Cras dolor dolor, tempus','2016/07/01','2017/10/30');
INSERT INTO "policies" (id,account_id,customer_id,insurance_type_id,policy_number,root_number,endorsement_sequence,description,period_start,period_end) VALUES (1028,999,1020,999,  '96599669399000','96599669399',0,'ultrices. Duis volutpat nunc sit','2016/10/25','2017/11/23');
INSERT INTO "policies" (id,account_id,customer_id,insurance_type_id,policy_number,root_number,endorsement_sequence,description,period_start,period_end) VALUES (1029,1001,1034,1001,'46927453799000','46927453799',0,'libero at auctor ullamcorper, nisl','2016/12/23','2017/11/05');
INSERT INTO "policies" (id,account_id,customer_id,insurance_type_id,policy_number,root_number,endorsement_sequence,description,period_start,period_end) VALUES (1030,999,1026,1001, '11894164799000','11894164799',0,'amet, consectetuer adipiscing elit.','2016/11/06','2017/06/09');
INSERT INTO "policies" (id,account_id,customer_id,insurance_type_id,policy_number,root_number,endorsement_sequence,description,period_start,period_end) VALUES (1031,999,1032,999,  '52803710999000','52803710999',0,'volutpat. Nulla facilisis. Suspendisse','2016/07/25','2017/09/04');
INSERT INTO "policies" (id,account_id,customer_id,insurance_type_id,policy_number,root_number,endorsement_sequence,description,period_start,period_end) VALUES (1032,999,1055,1001, '17514124899000','17514124899',0,'sem molestie sodales. Mauris blandit','2016/06/06','2017/10/06');
INSERT INTO "policies" (id,account_id,customer_id,insurance_type_id,policy_number,root_number,endorsement_sequence,description,period_start,period_end) VALUES (1033,1000,1064,1001,'86549732699000','86549732699',0,'lobortis, nisi nibh lacinia orci, consectetuer','2016/06/30','2017/06/19');
INSERT INTO "policies" (id,account_id,customer_id,insurance_type_id,policy_number,root_number,endorsement_sequence,description,period_start,period_end) VALUES (1034,999,1037,1001, '03665051199001','03665051199',1,'at lacus. Quisque purus sapien,','2016/12/04','2017/11/13');
INSERT INTO "policies" (id,account_id,customer_id,insurance_type_id,policy_number,root_number,endorsement_sequence,description,period_start,period_end) VALUES (1035,999,1046,1001, '81580616999000','81580616999',0,'ipsum primis in faucibus orci luctus','2016/12/13','2017/08/29');
INSERT INTO "policies" (id,account_id,customer_id,insurance_type_id,policy_number,root_number,endorsement_sequence,description,period_start,period_end) VALUES (1036,1000,1069,1001,'11798087499000','11798087499',0,'metus. In nec orci.','2016/08/08','2017/11/26');
INSERT INTO "policies" (id,account_id,customer_id,insurance_type_id,policy_number,root_number,endorsement_sequence,description,period_start,period_end) VALUES (1037,1001,1097,1001,'93879697399000','93879697399',0,'amet ante. Vivamus non lorem vitae','2016/07/18','2017/11/21');
INSERT INTO "policies" (id,account_id,customer_id,insurance_type_id,policy_number,root_number,endorsement_sequence,description,period_start,period_end) VALUES (1038,1000,1094,999, '88439124999000','88439124999',0,'dictum. Phasellus in felis. Nulla','2016/10/08','2017/11/22');
INSERT INTO "policies" (id,account_id,customer_id,insurance_type_id,policy_number,root_number,endorsement_sequence,description,period_start,period_end) VALUES (1039,1000,1090,999, '18331020799000','18331020799',0,'luctus lobortis. Class aptent','2016/08/27','2017/07/27');
INSERT INTO "policies" (id,account_id,customer_id,insurance_type_id,policy_number,root_number,endorsement_sequence,description,period_start,period_end) VALUES (1040,999,1003,1000, '27562895499000','27562895499',0,'orci. Ut semper pretium neque. Morbi','2016/11/26','2017/11/18');
INSERT INTO "policies" (id,account_id,customer_id,insurance_type_id,policy_number,root_number,endorsement_sequence,description,period_start,period_end) VALUES (1041,999,1097,1001, '80728134799000','80728134799',0,'rhoncus id, mollis nec, cursus a,','2016/10/08','2017/11/18');
INSERT INTO "policies" (id,account_id,customer_id,insurance_type_id,policy_number,root_number,endorsement_sequence,description,period_start,period_end) VALUES (1042,1001,1030,1000,'11859428799000','11859428799',0,'Nullam lobortis quam a felis ullamcorper','2016/10/11','2017/08/24');
INSERT INTO "policies" (id,account_id,customer_id,insurance_type_id,policy_number,root_number,endorsement_sequence,description,period_start,period_end) VALUES (1043,1000,1027,1000,'02810549399000','02810549399',0,'quis, pede. Praesent eu dui. Cum','2016/09/19','2017/11/15');
INSERT INTO "policies" (id,account_id,customer_id,insurance_type_id,policy_number,root_number,endorsement_sequence,description,period_start,period_end) VALUES (1044,999,1072,999,  '94459592599000','94459592599',0,'vehicula et, rutrum eu, ultrices sit','2016/09/30','2017/07/10');
INSERT INTO "policies" (id,account_id,customer_id,insurance_type_id,policy_number,root_number,endorsement_sequence,description,period_start,period_end) VALUES (1045,1000,1093,1001,'78320113499000','78320113499',0,'mi lorem, vehicula et, rutrum eu,','2016/06/07','2017/10/08');
INSERT INTO "policies" (id,account_id,customer_id,insurance_type_id,policy_number,root_number,endorsement_sequence,description,period_start,period_end) VALUES (1046,1001,1076,999, '35377526799000','35377526799',0,'consectetuer rhoncus. Nullam velit dui, semper','2016/10/07','2017/07/08');
INSERT INTO "policies" (id,account_id,customer_id,insurance_type_id,policy_number,root_number,endorsement_sequence,description,period_start,period_end) VALUES (1047,999,1023,999,  '80740156499000','80740156499',0,'odio, auctor vitae, aliquet nec, imperdiet','2016/06/06','2017/12/10');
INSERT INTO "policies" (id,account_id,customer_id,insurance_type_id,policy_number,root_number,endorsement_sequence,description,period_start,period_end) VALUES (1048,1000,1064,1001,'76363244099000','76363244099',0,'neque et nunc. Quisque','2016/09/24','2017/08/19');
INSERT INTO "policies" (id,account_id,customer_id,insurance_type_id,policy_number,root_number,endorsement_sequence,description,period_start,period_end) VALUES (1049,1001,1052,999, '61205002999000','61205002999',0,'consectetuer mauris id sapien. Cras','2016/11/28','2017/12/02');
INSERT INTO "policies" (id,account_id,customer_id,insurance_type_id,policy_number,root_number,endorsement_sequence,description,period_start,period_end) VALUES (1050,1000,1081,999, '37475859799000','37475859799',0,'turpis vitae purus gravida sagittis.','2016/11/21','2017/06/08');
INSERT INTO "policies" (id,account_id,customer_id,insurance_type_id,policy_number,root_number,endorsement_sequence,description,period_start,period_end) VALUES (1051,999,1074,999,  '14209916999000','14209916999',0,'Sed auctor odio a purus.','2016/08/18','2017/11/23');
INSERT INTO "policies" (id,account_id,customer_id,insurance_type_id,policy_number,root_number,endorsement_sequence,description,period_start,period_end) VALUES (1052,1000,1054,1000,'69673514899000','69673514899',0,'Curabitur sed tortor. Integer','2016/12/14','2017/09/05');
INSERT INTO "policies" (id,account_id,customer_id,insurance_type_id,policy_number,root_number,endorsement_sequence,description,period_start,period_end) VALUES (1053,999,1010,1000, '70618143999000','70618143999',0,'tortor nibh sit amet orci.','2016/05/27','2017/06/17');
INSERT INTO "policies" (id,account_id,customer_id,insurance_type_id,policy_number,root_number,endorsement_sequence,description,period_start,period_end) VALUES (1054,999,1054,999,  '11893161799000','11893161799',0,'ut mi. Duis risus','2016/10/20','2017/09/29');
INSERT INTO "policies" (id,account_id,customer_id,insurance_type_id,policy_number,root_number,endorsement_sequence,description,period_start,period_end) VALUES (1055,1000,1036,1000,'86520673899000','86520673899',0,'natoque penatibus et magnis','2016/06/28','2017/09/17');
INSERT INTO "policies" (id,account_id,customer_id,insurance_type_id,policy_number,root_number,endorsement_sequence,description,period_start,period_end) VALUES (1056,999,1058,1000, '80244144799000','80244144799',0,'tincidunt. Donec vitae erat vel pede','2016/10/12','2017/07/10');
INSERT INTO "policies" (id,account_id,customer_id,insurance_type_id,policy_number,root_number,endorsement_sequence,description,period_start,period_end) VALUES (1057,1001,1036,1001,'79651191799000','79651191799',0,'ut cursus luctus, ipsum leo','2016/11/17','2017/11/12');
INSERT INTO "policies" (id,account_id,customer_id,insurance_type_id,policy_number,root_number,endorsement_sequence,description,period_start,period_end) VALUES (1058,999,1032,999,  '63497538199000','63497538199',0,'eu turpis. Nulla aliquet. Proin','2016/10/11','2017/06/19');
INSERT INTO "policies" (id,account_id,customer_id,insurance_type_id,policy_number,root_number,endorsement_sequence,description,period_start,period_end) VALUES (1059,999,1046,1000, '06793168199000','06793168199',0,'vel, convallis in, cursus et, eros.','2016/07/02','2017/07/23');
INSERT INTO "policies" (id,account_id,customer_id,insurance_type_id,policy_number,root_number,endorsement_sequence,description,period_start,period_end) VALUES (1060,1001,1037,1000,'06408579299000','06408579299',0,'eu tellus. Phasellus elit','2016/06/23','2017/12/08');
INSERT INTO "policies" (id,account_id,customer_id,insurance_type_id,policy_number,root_number,endorsement_sequence,description,period_start,period_end) VALUES (1061,999,1013,1000, '99546715999000','99546715999',0,'Mauris quis turpis vitae purus','2016/11/21','2017/06/18');
INSERT INTO "policies" (id,account_id,customer_id,insurance_type_id,policy_number,root_number,endorsement_sequence,description,period_start,period_end) VALUES (1062,1000,1032,1000,'20802180799000','20802180799',0,'fermentum arcu. Vestibulum ante ipsum','2016/06/02','2017/10/29');
INSERT INTO "policies" (id,account_id,customer_id,insurance_type_id,policy_number,root_number,endorsement_sequence,description,period_start,period_end) VALUES (1063,1000,1059,1001,'42389168899000','42389168899',0,'Sed malesuada augue ut lacus. Nulla','2016/12/03','2017/08/30');
INSERT INTO "policies" (id,account_id,customer_id,insurance_type_id,policy_number,root_number,endorsement_sequence,description,period_start,period_end) VALUES (1064,1001,1022,1000,'40940497199000','40940497199',0,'nascetur ridiculus mus. Aenean','2016/09/20','2017/06/23');
INSERT INTO "policies" (id,account_id,customer_id,insurance_type_id,policy_number,root_number,endorsement_sequence,description,period_start,period_end) VALUES (1065,1001,1023,1001,'95836039699000','95836039699',0,'ligula. Nullam enim. Sed','2016/11/10','2017/10/13');
INSERT INTO "policies" (id,account_id,customer_id,insurance_type_id,policy_number,root_number,endorsement_sequence,description,period_start,period_end) VALUES (1066,999,1082,1000, '20627387099000','20627387099',0,'Nullam nisl. Maecenas malesuada fringilla est.','2016/08/02','2017/06/25');
INSERT INTO "policies" (id,account_id,customer_id,insurance_type_id,policy_number,root_number,endorsement_sequence,description,period_start,period_end) VALUES (1067,1001,999,999,  '05268712299000','05268712299',0,'id, blandit at, nisi. Cum','2016/08/27','2017/10/11');
INSERT INTO "policies" (id,account_id,customer_id,insurance_type_id,policy_number,root_number,endorsement_sequence,description,period_start,period_end) VALUES (1068,999,1037,1001,'03665051199000','03665051199',0,'per inceptos hymenaeos. Mauris ut','2016/10/30','2017/11/13');
INSERT INTO "policies" (id,account_id,customer_id,insurance_type_id,policy_number,root_number,endorsement_sequence,description,period_start,period_end) VALUES (1069,1000,1061,1001,'73931972199000','73931972199',0,'fermentum metus. Aenean sed pede','2016/06/29','2017/05/31');
INSERT INTO "policies" (id,account_id,customer_id,insurance_type_id,policy_number,root_number,endorsement_sequence,description,period_start,period_end) VALUES (1070,1001,1007,1000,'70775512699000','70775512699',0,'mauris, rhoncus id, mollis','2016/09/30','2017/06/13');
INSERT INTO "policies" (id,account_id,customer_id,insurance_type_id,policy_number,root_number,endorsement_sequence,description,period_start,period_end) VALUES (1071,1001,1083,1001,'48387238399000','48387238399',0,'non, feugiat nec, diam. Duis','2016/10/01','2017/08/02');
INSERT INTO "policies" (id,account_id,customer_id,insurance_type_id,policy_number,root_number,endorsement_sequence,description,period_start,period_end) VALUES (1072,1000,1033,1000,'69575164099000','69575164099',0,'Nunc quis arcu vel','2016/11/01','2017/12/16');
INSERT INTO "policies" (id,account_id,customer_id,insurance_type_id,policy_number,root_number,endorsement_sequence,description,period_start,period_end) VALUES (1073,1000,1062,999, '31417964199000','31417964199',0,'malesuada fringilla est. Mauris','2016/07/24','2017/08/30');
INSERT INTO "policies" (id,account_id,customer_id,insurance_type_id,policy_number,root_number,endorsement_sequence,description,period_start,period_end) VALUES (1074,1000,1021,1000,'05929011699000','05929011699',0,'justo eu arcu. Morbi sit amet','2016/07/17','2017/10/23');
INSERT INTO "policies" (id,account_id,customer_id,insurance_type_id,policy_number,root_number,endorsement_sequence,description,period_start,period_end) VALUES (1075,999,1026,1001, '14580850099000','14580850099',0,'sodales purus, in molestie tortor nibh','2016/08/04','2017/07/01');
INSERT INTO "policies" (id,account_id,customer_id,insurance_type_id,policy_number,root_number,endorsement_sequence,description,period_start,period_end) VALUES (1076,1001,1061,1000,'10876256499000','10876256499',0,'neque et nunc. Quisque','2016/10/21','2017/06/14');
INSERT INTO "policies" (id,account_id,customer_id,insurance_type_id,policy_number,root_number,endorsement_sequence,description,period_start,period_end) VALUES (1077,1000,1085,999, '31800932399000','31800932399',0,'arcu. Vestibulum ut eros non enim','2016/07/15','2017/12/26');
INSERT INTO "policies" (id,account_id,customer_id,insurance_type_id,policy_number,root_number,endorsement_sequence,description,period_start,period_end) VALUES (1078,999,1022,999,  '55284933699000','55284933699',0,'interdum feugiat. Sed nec','2016/05/28','2017/11/23');
INSERT INTO "policies" (id,account_id,customer_id,insurance_type_id,policy_number,root_number,endorsement_sequence,description,period_start,period_end) VALUES (1079,1000,1012,999, '00973817099000','00973817099',0,'mi lorem, vehicula et, rutrum','2016/12/27','2017/09/24');
INSERT INTO "policies" (id,account_id,customer_id,insurance_type_id,policy_number,root_number,endorsement_sequence,description,period_start,period_end) VALUES (1080,1000,1030,999, '98825134299000','98825134299',0,'non, lobortis quis, pede. Suspendisse','2016/11/15','2017/11/09');
INSERT INTO "policies" (id,account_id,customer_id,insurance_type_id,policy_number,root_number,endorsement_sequence,description,period_start,period_end) VALUES (1081,1001,1074,1001,'75381390599000','75381390599',0,'Phasellus at augue id ante dictum','2016/05/31','2017/09/28');
INSERT INTO "policies" (id,account_id,customer_id,insurance_type_id,policy_number,root_number,endorsement_sequence,description,period_start,period_end) VALUES (1082,1000,1011,999, '03764232199000','03764232199',0,'Pellentesque tincidunt tempus risus. Donec egestas.','2016/08/08','2017/06/27');
INSERT INTO "policies" (id,account_id,customer_id,insurance_type_id,policy_number,root_number,endorsement_sequence,description,period_start,period_end) VALUES (1083,1001,999,1001, '96217424999000','96217424999',0,'lacus. Etiam bibendum fermentum','2016/06/29','2017/07/31');
INSERT INTO "policies" (id,account_id,customer_id,insurance_type_id,policy_number,root_number,endorsement_sequence,description,period_start,period_end) VALUES (1084,1000,1010,1001,'71564641899000','71564641899',0,'molestie. Sed id risus','2016/05/31','2017/05/26');
INSERT INTO "policies" (id,account_id,customer_id,insurance_type_id,policy_number,root_number,endorsement_sequence,description,period_start,period_end) VALUES (1085,1001,1082,999, '01936862599000','01936862599',0,'Nam nulla magna, malesuada','2016/11/18','2017/12/18');
INSERT INTO "policies" (id,account_id,customer_id,insurance_type_id,policy_number,root_number,endorsement_sequence,description,period_start,period_end) VALUES (1086,999,1009,1000, '52940474599000','52940474599',0,'Donec luctus aliquet odio. Etiam','2016/06/05','2017/11/26');
INSERT INTO "policies" (id,account_id,customer_id,insurance_type_id,policy_number,root_number,endorsement_sequence,description,period_start,period_end) VALUES (1087,999,1064,1001, '13823698599000','13823698599',0,'Donec vitae erat vel','2016/05/30','2017/06/13');
INSERT INTO "policies" (id,account_id,customer_id,insurance_type_id,policy_number,root_number,endorsement_sequence,description,period_start,period_end) VALUES (1088,1000,1037,1001,'36761081299000','36761081299',0,'nisi a odio semper cursus. Integer','2016/11/08','2017/09/23');
INSERT INTO "policies" (id,account_id,customer_id,insurance_type_id,policy_number,root_number,endorsement_sequence,description,period_start,period_end) VALUES (1089,1001,1086,999, '86346727599000','86346727599',0,'eu odio tristique pharetra. Quisque ac','2016/11/07','2017/07/22');
INSERT INTO "policies" (id,account_id,customer_id,insurance_type_id,policy_number,root_number,endorsement_sequence,description,period_start,period_end) VALUES (1090,1000,1048,999, '75705699599000','75705699599',0,'metus. In nec orci. Donec','2016/11/17','2017/10/18');
INSERT INTO "policies" (id,account_id,customer_id,insurance_type_id,policy_number,root_number,endorsement_sequence,description,period_start,period_end) VALUES (1091,999,1009,1001, '83491009899000','83491009899',0,'Fusce aliquet magna a','2016/06/10','2017/08/20');
INSERT INTO "policies" (id,account_id,customer_id,insurance_type_id,policy_number,root_number,endorsement_sequence,description,period_start,period_end) VALUES (1092,999,1039,1000, '17548571999000','17548571999',0,'et, euismod et, commodo at, libero.','2016/10/07','2017/12/17');
INSERT INTO "policies" (id,account_id,customer_id,insurance_type_id,policy_number,root_number,endorsement_sequence,description,period_start,period_end) VALUES (1093,999,1087,1001, '01859566799000','01859566799',0,'ante dictum mi, ac','2016/09/01','2017/12/16');
INSERT INTO "policies" (id,account_id,customer_id,insurance_type_id,policy_number,root_number,endorsement_sequence,description,period_start,period_end) VALUES (1094,999,1057,1001, '37272090499000','37272090499',0,'sollicitudin commodo ipsum. Suspendisse','2016/08/19','2017/09/17');
INSERT INTO "policies" (id,account_id,customer_id,insurance_type_id,policy_number,root_number,endorsement_sequence,description,period_start,period_end) VALUES (1095,999,1092,999,  '50444462199000','50444462199',0,'eget, volutpat ornare, facilisis eget, ipsum.','2016/08/18','2017/06/07');
INSERT INTO "policies" (id,account_id,customer_id,insurance_type_id,policy_number,root_number,endorsement_sequence,description,period_start,period_end) VALUES (1096,999,1016,999,  '93284930799000','93284930799',0,'nunc, ullamcorper eu, euismod ac,','2016/06/26','2017/11/28');
INSERT INTO "policies" (id,account_id,customer_id,insurance_type_id,policy_number,root_number,endorsement_sequence,description,period_start,period_end) VALUES (1097,1001,1096,999, '98500925799000','98500925799',0,'lectus, a sollicitudin orci sem','2016/08/05','2017/11/24');
INSERT INTO "policies" (id,account_id,customer_id,insurance_type_id,policy_number,root_number,endorsement_sequence,description,period_start,period_end) VALUES (1098,1001,1004,1001,'03665051199000','03665051199',0,'ante blandit viverra. Donec tempus, lorem','2016/07/21','2017/11/13');

-- renewal_logs
INSERT INTO "renewal_logs" (id,policy_id,new_account_id,"date",renewed) VALUES (1000,1024,null,'2017-11-02',false);
INSERT INTO "renewal_logs" (id,policy_id,new_account_id,"date",renewed) VALUES (1001,1041,null,'2017-11-16',false);
INSERT INTO "renewal_logs" (id,policy_id,new_account_id,"date",renewed) VALUES (1002,1096,1001,'2017-11-06',true);
INSERT INTO "renewal_logs" (id,policy_id,new_account_id,"date",renewed) VALUES (1003,1015,1001,'2017-09-30',true);
INSERT INTO "renewal_logs" (id,policy_id,new_account_id,"date",renewed) VALUES (1004,1069,1001,'2017-05-27',true);
INSERT INTO "renewal_logs" (id,policy_id,new_account_id,"date",renewed) VALUES (1005,1012,999,'2017-06-06',true);
INSERT INTO "renewal_logs" (id,policy_id,new_account_id,"date",renewed) VALUES (1006,1086,null,'2017-06-23',false);
INSERT INTO "renewal_logs" (id,policy_id,new_account_id,"date",renewed) VALUES (1007,1079,999,'2017-09-03',true);
INSERT INTO "renewal_logs" (id,policy_id,new_account_id,"date",renewed) VALUES (1008,1091,null,'2017-07-31',false);
INSERT INTO "renewal_logs" (id,policy_id,new_account_id,"date",renewed) VALUES (1009,1025,1000,'2017-09-12',true);

-- users
INSERT INTO "users" (id, username, full_name, hash) values(1000, 'corretor', 'Corretor de Seguros', decode('$2a$06$PoVgA3xDTMV33CzECFjoSO.rzr2Ow/zkwGEmLS5n3xtUTUxkSocKO', 'escape'));
end;

